[
  {
    "id": "1",
    "brand": "Nike",
    "model": "Air Jordan 1",
    "colorway": "Chicago",
    "price": 170,
    "releaseYear": 2022,
    "image": "/images/sneakers/nike-aj1-chicago.jpg",
    "colors": {
      "primary": "#CE1141",
      "secondary": "#FFFFFF",
      "accent": "#000000"
    },
    "styles": ["casual", "streetwear", "retro"],
    "description": "The iconic Air Jordan 1 in the classic Chicago colorway, featuring premium leather and the original high-top silhouette."
  },
  {
    "id": "2",
    "brand": "Adidas",
    "model": "Yeezy Boost 350 V2",
    "colorway": "Zebra",
    "price": 220,
    "releaseYear": 2020,
    "image": "/images/sneakers/adidas-yeezy-350-zebra.jpg",
    "colors": {
      "primary": "#FFFFFF",
      "secondary": "#000000",
      "accent": "#FF0000"
    },
    "styles": ["casual", "streetwear", "modern"],
    "description": "The Yeezy Boost 350 V2 Zebra features a white and black Primeknit upper with a red SPLY-350 branding and a full-length Boost midsole."
  },
  {
    "id": "3",
    "brand": "New Balance",
    "model": "990v5",
    "colorway": "Grey",
    "price": 185,
    "releaseYear": 2021,
    "image": "/images/sneakers/new-balance-990v5-grey.jpg",
    "colors": {
      "primary": "#808080",
      "secondary": "#FFFFFF",
      "accent": "#000000"
    },
    "styles": ["casual", "retro", "dad-shoe"],
    "description": "The New Balance 990v5 continues the legacy of the 990 series with premium suede and mesh construction and ENCAP midsole technology."
  },
  {
    "id": "4",
    "brand": "Nike",
    "model": "Air Force 1",
    "colorway": "Triple White",
    "price": 100,
    "releaseYear": 2023,
    "image": "/images/sneakers/nike-af1-white.jpg",
    "colors": {
      "primary": "#FFFFFF",
      "secondary": "#FFFFFF",
      "accent": "#FFFFFF"
    },
    "styles": ["casual", "streetwear", "classic"],
    "description": "The classic Nike Air Force 1 in all-white, featuring a clean leather upper and the iconic Air cushioning."
  },
  {
    "id": "5",
    "brand": "Puma",
    "model": "Suede Classic",
    "colorway": "Black/White",
    "price": 70,
    "releaseYear": 2022,
    "image": "/images/sneakers/puma-suede-black.jpg",
    "colors": {
      "primary": "#000000",
      "secondary": "#FFFFFF",
      "accent": "#FFD700"
    },
    "styles": ["casual", "retro", "classic"],
    "description": "The Puma Suede Classic in black and white, a timeless silhouette with a soft suede upper and rubber outsole."
  },
  {
    "id": "6",
    "brand": "Converse",
    "model": "Chuck Taylor All Star",
    "colorway": "Navy",
    "price": 60,
    "releaseYear": 2023,
    "image": "/images/sneakers/converse-chuck-navy.jpg",
    "colors": {
      "primary": "#000080",
      "secondary": "#FFFFFF",
      "accent": "#FF0000"
    },
    "styles": ["casual", "classic", "vintage"],
    "description": "The iconic Converse Chuck Taylor All Star in navy blue, featuring a canvas upper and the classic rubber toe cap."
  },
  {
    "id": "7",
    "brand": "Vans",
    "model": "Old Skool",
    "colorway": "Black/White",
    "price": 65,
    "releaseYear": 2022,
    "image": "/images/sneakers/vans-oldskool-black.jpg",
    "colors": {
      "primary": "#000000",
      "secondary": "#FFFFFF",
      "accent": "#000000"
    },
    "styles": ["casual", "skate", "streetwear"],
    "description": "The Vans Old Skool in classic black and white, featuring a suede and canvas upper with the iconic side stripe."
  },
  {
    "id": "8",
    "brand": "Jordan",
    "model": "Air Jordan 4",
    "colorway": "Bred",
    "price": 200,
    "releaseYear": 2021,
    "image": "/images/sneakers/jordan-aj4-bred.jpg",
    "colors": {
      "primary": "#000000",
      "secondary": "#CE1141",
      "accent": "#808080"
    },
    "styles": ["casual", "streetwear", "retro"],
    "description": "The Air Jordan 4 Bred features a black nubuck upper with red and grey accents, plus the iconic visible Air cushioning."
  }
]